User,Blocked,"Top 5 Blocked Applications","Top 5 Blocked Categories",Detected,"Top 5 Detected Applications","Top 5 Detected Categories"
"DCSCLNB121\jteran",5,"Google Play Games (5)","Game (5)",,,
"DESKTOP-P9B2DOO\Gabriel Perez Jara",5,"Simple DirectMedia Layer (5)","Game (5)",1,"Microsoft Xbox App (1)","Game (1)"
"DCSUYNB101\fscandroglio",2,"Microsoft Xbox App (2)","Game (2)",2,"Simple DirectMedia Layer (1),Solitaire (1)","Game (2)"
"DESKTOP-5ON9K65\Valentina",2,"Microsoft Xbox App (2)","Game (2)",,,
"DCSARNB057\mdiaz",1,"Razer Synapse (1)","Game (1)",2,"Razer Synapse (1),Solitaire (1)","Game (2)"
"DESKTOP-FF1AFBV\Martin",1,"Solitaire (1)","Game (1)",,,
"DCSCLNB199\mmunoz",,,,4,"Candy Crush Saga (1),Microsoft Xbox App (1),Simple DirectMedia Layer (1),Solitaire (1)","Game (4)"
"DCSUSNB008\Yamir",,,,4,"Candy Crush Saga (1),Microsoft Xbox App (1),Simple DirectMedia Layer (1),Solitaire (1)","Game (4)"
"HLC\fronts",,,,4,"Microsoft Xbox App (2),Solitaire (2)","Game (4)"
"DCSPENB005\amenacho",,,,3,"Candy Crush Saga (1),Microsoft Xbox App (1),Solitaire (1)","Game (3)"
"JOACOG\josej",,,,3,"Microsoft Xbox App (1),ROBLOX Game Client (1),Solitaire (1)","Game (3)"
"DACAS\amanzueto",,,,2,"Microsoft Xbox App (1),Solitaire (1)","Game (2)"
"DCSARNB002\sobregon",,,,2,"Microsoft Xbox App (1),Solitaire (1)","Game (2)"
"DCSARNB005\mdallorso",,,,2,"Microsoft Xbox App (1),Solitaire (1)","Game (2)"
"DCSARNB006\msanchez",,,,2,"Microsoft Xbox App (1),Solitaire (1)","Game (2)"
"DCSARNB010\sdelosso",,,,2,"Microsoft Xbox App (1),Solitaire (1)","Game (2)"
"DCSARNB012\lamarque",,,,2,"Microsoft Xbox App (1),Solitaire (1)","Game (2)"
"DCSARNB014\mbenitez",,,,2,"Microsoft Xbox App (1),Solitaire (1)","Game (2)"
"DCSARNB018\sbeltrami",,,,2,"Microsoft Xbox App (1),Solitaire (1)","Game (2)"
"DCSARNB027\nmunoz",,,,2,"Microsoft Xbox App (1),Solitaire (1)","Game (2)"
"DCSARNB034\Aayala",,,,2,"Microsoft Xbox App (1),Solitaire (1)","Game (2)"
"DCSARNB041\flascasas",,,,2,"Microsoft Xbox App (1),Solitaire (1)","Game (2)"
"DCSARNB044\fbibas",,,,2,"Microsoft Xbox App (1),Solitaire (1)","Game (2)"
"DCSARNB047\rmanriquez",,,,2,"Microsoft Xbox App (1),Solitaire (1)","Game (2)"
"DCSARNB053\pgaray",,,,2,"Microsoft Xbox App (1),Solitaire (1)","Game (2)"
"DCSARNB055\jlopez",,,,2,"Microsoft Xbox App (1),Solitaire (1)","Game (2)"
"DCSARNB062\mlinares",,,,2,"Simple DirectMedia Layer (1),Solitaire (1)","Game (2)"
"DCSARNB065\ccallari",,,,2,"Microsoft Xbox App (1),Solitaire (1)","Game (2)"
"DCSARNB067\mantunez",,,,2,"Microsoft Xbox App (1),Solitaire (1)","Game (2)"
"DCSARNB076\anunez",,,,2,"Microsoft Xbox App (1),Solitaire (1)","Game (2)"
"DCSARNB078\SPLENCIA",,,,2,"Microsoft Xbox App (1),Solitaire (1)","Game (2)"
"DCSARNB081\pavila",,,,2,"Microsoft Xbox App (1),Solitaire (1)","Game (2)"
"DCSARNB084\ndiez",,,,2,"Microsoft Xbox App (1),Solitaire (1)","Game (2)"
"DCSARNB085\aacosta",,,,2,"Simple DirectMedia Layer (1),Solitaire (1)","Game (2)"
"DCSARNB088\rsaavedra",,,,2,"Microsoft Xbox App (1),Solitaire (1)","Game (2)"
"DCSARNB099\mjuhal",,,,2,"Simple DirectMedia Layer (1),Solitaire (1)","Game (2)"
"DCSARPC001\Deposito 2",,,,2,"Microsoft Xbox App (1),Solitaire (1)","Game (2)"
"DCSARPC002\iquiroz",,,,2,"Microsoft Xbox App (1),Solitaire (1)","Game (2)"
"DCSCLNB001\pquijada",,,,2,"Microsoft Xbox App (1),Solitaire (1)","Game (2)"
"DCSCLNB002\cgunther",,,,2,"Microsoft Xbox App (1),Solitaire (1)","Game (2)"
"DCSCLNB004\Loreto Diaz",,,,2,"Microsoft Xbox App (1),Solitaire (1)","Game (2)"
"DCSCLNB007\cnancupil",,,,2,"Microsoft Xbox App (1),Simple DirectMedia Layer (1)","Game (2)"
"DCSCLNB008\cjauregui",,,,2,"Microsoft Xbox App (1),Solitaire (1)","Game (2)"
"DCSCLNB009\edroguett",,,,2,"Simple DirectMedia Layer (1),Solitaire (1)","Game (2)"
"DCSCLNB100\kleguer",,,,2,"Microsoft Xbox App (1),Solitaire (1)","Game (2)"
"DCSCLNB105\morellana",,,,2,"Microsoft Xbox App (1),Solitaire (1)","Game (2)"
"DCSCLNB200\lchavez",,,,2,"Microsoft Xbox App (1),Solitaire (1)","Game (2)"
"DCSCONB004\ycuestas",,,,2,"Microsoft Xbox App (1),Solitaire (1)","Game (2)"
"DCSCONB005\prestrepo",,,,2,"Simple DirectMedia Layer (1),Solitaire (1)","Game (2)"
"DCSCONB011\dleiva",,,,2,"Microsoft Xbox App (1),Solitaire (1)","Game (2)"
"DCSCONB012\jogarcia",,,,2,"Microsoft Xbox App (1),Solitaire (1)","Game (2)"
"DCSCONB052\jmunoz",,,,2,"Microsoft Xbox App (1),Solitaire (1)","Game (2)"
"DCSCONB100\crodriguez",,,,2,"Microsoft Xbox App (1),Solitaire (1)","Game (2)"
"DCSCONB200\Aherrera",,,,2,"Microsoft Xbox App (1),Solitaire (1)","Game (2)"
"DCSCONB203\fbonilla",,,,2,"Microsoft Xbox App (1),Solitaire (1)","Game (2)"
"DCSCONB207\davila",,,,2,"Microsoft Xbox App (1),Solitaire (1)","Game (2)"
"DCSCONB301\fatriana",,,,2,"Microsoft Xbox App (1),Solitaire (1)","Game (2)"
"DCSCONB303\aagudelo",,,,2,"Microsoft Xbox App (1),Solitaire (1)","Game (2)"
"DCSCRNB002\mnavarro",,,,2,"Microsoft Xbox App (1),Solitaire (1)","Game (2)"
"DCSDONB002\Lgorno",,,,2,"Simple DirectMedia Layer (1),Solitaire (1)","Game (2)"
"DCSECNB001\krivadeneira",,,,2,"Microsoft Xbox App (1),Solitaire (1)","Game (2)"
"DCSECNB002\msalcedo",,,,2,"Microsoft Xbox App (1),Solitaire (1)","Game (2)"
"DCSMXNB001\osmith",,,,2,"Microsoft Xbox App (1),Solitaire (1)","Game (2)"
"DCSMXNB004\jcabrera",,,,2,"Microsoft Xbox App (1),Solitaire (1)","Game (2)"
"DCSMXNB005\gsanchez",,,,2,"Google Play Games (1),Solitaire (1)","Game (2)"
"DCSPENB003\Brian Vilchez",,,,2,"Microsoft Xbox App (1),Solitaire (1)","Game (2)"
"DCSPENB004\cterrones",,,,2,"Microsoft Xbox App (1),Solitaire (1)","Game (2)"
"DCSPENB006\lechevarria",,,,2,"Microsoft Xbox App (1),Solitaire (1)","Game (2)"
"DCSPENB009\Franco R",,,,2,"Microsoft Xbox App (1),Solitaire (1)","Game (2)"
"DCSPENB015\ddiaz",,,,2,"Microsoft Xbox App (1),Solitaire (1)","Game (2)"
"DCSPENB104\gcampos",,,,2,"Microsoft Xbox App (1),Solitaire (1)","Game (2)"
"DCSPENB156\JESUS MENDOZA",,,,2,"Microsoft Xbox App (1),Solitaire (1)","Game (2)"
"DCSPYNB004\emingo",,,,2,"Microsoft Xbox App (1),Solitaire (1)","Game (2)"
"DCSPYNB009\rinsfran",,,,2,"Microsoft Xbox App (1),Solitaire (1)","Game (2)"
"DCSUSNB003\Yoerlys Machado",,,,2,"Simple DirectMedia Layer (1),Solitaire (1)","Game (2)"
"DCSUSNB011\Francisco Perez",,,,2,"Simple DirectMedia Layer (1),Solitaire (1)","Game (2)"
"DCSUSNB100\amorales",,,,2,"Microsoft Xbox App (1),Solitaire (1)","Game (2)"
"DCSUYNB001\DCSUYNBMAURI",,,,2,"Microsoft Xbox App (1),Solitaire (1)","Game (2)"
"DCSUYNB003\fjaurena",,,,2,"Microsoft Xbox App (1),Solitaire (1)","Game (2)"
"DCSUYNB111\prolfo",,,,2,"Battle.net (1),Solitaire (1)","Game (2)"
"HLC\administrator",,,,2,"Microsoft Xbox App (1),Solitaire (1)","Game (2)"
"DCSARBN089\vpaez",,,,1,"Solitaire (1)","Game (1)"
"DCSARNB008\lbarramadeda",,,,1,"Solitaire (1)","Game (1)"
"DCSARNB016\Nadia Errico",,,,1,"Solitaire (1)","Game (1)"
"DCSARNB019\acupo",,,,1,"Solitaire (1)","Game (1)"
"DCSARNB020\ncortes",,,,1,"Solitaire (1)","Game (1)"
"DCSARNB021\tbogado",,,,1,"Solitaire (1)","Game (1)"
"DCSARNB022\mmorillo",,,,1,"Solitaire (1)","Game (1)"
"DCSARNB023\cgallo",,,,1,"Solitaire (1)","Game (1)"
"DCSARNB026\lruggero",,,,1,"Solitaire (1)","Game (1)"
"DCSARNB028\aschoenfeld",,,,1,"Solitaire (1)","Game (1)"
"DCSARNB029\sayala",,,,1,"Solitaire (1)","Game (1)"
"DCSARNB030\ascorza",,,,1,"Solitaire (1)","Game (1)"
"DCSARNB031\scarrizo",,,,1,"Solitaire (1)","Game (1)"
"DCSARNB032\lvegas",,,,1,"Solitaire (1)","Game (1)"
"DCSARNB033\msosa",,,,1,"Solitaire (1)","Game (1)"
"DCSARNB036\yflores",,,,1,"Solitaire (1)","Game (1)"
"DCSARNB037\nperrone",,,,1,"Solitaire (1)","Game (1)"
"DCSARNB038\apistoni",,,,1,"Solitaire (1)","Game (1)"
"DCSARNB039\aprimo",,,,1,"Solitaire (1)","Game (1)"
"DCSARNB042\mgerace",,,,1,"Solitaire (1)","Game (1)"
"DCSARNB043\asrivas",,,,1,"Solitaire (1)","Game (1)"
"DCSARNB048\bandrade",,,,1,"Solitaire (1)","Game (1)"
"DCSARNB050\mgodoy",,,,1,"Solitaire (1)","Game (1)"
"DCSARNB054\cserra",,,,1,"Solitaire (1)","Game (1)"
"DCSARNB059\lcarranza",,,,1,"Solitaire (1)","Game (1)"
"DCSARNB061\htobares",,,,1,"Solitaire (1)","Game (1)"
"DCSARNB063\dsolis",,,,1,"Solitaire (1)","Game (1)"
"DCSARNB064\dtorres",,,,1,"Solitaire (1)","Game (1)"
"DCSARNB066\jagarcia",,,,1,"Solitaire (1)","Game (1)"
"DCSARNB070\cabadi",,,,1,"Solitaire (1)","Game (1)"
"DCSARNB074\mgracia",,,,1,"Solitaire (1)","Game (1)"
"DCSARNB075\dbonacich",,,,1,"Solitaire (1)","Game (1)"
"DCSARNB077\lgauto",,,,1,"Solitaire (1)","Game (1)"
"DCSARNB079\bjimenez",,,,1,"Solitaire (1)","Game (1)"
"DCSARNB083\kperez",,,,1,"Solitaire (1)","Game (1)"
"DCSARNB086\ktoledo",,,,1,"Solitaire (1)","Game (1)"
"DCSARNB087\fromero",,,,1,"Solitaire (1)","Game (1)"
"DCSARNB090\Fdiaz",,,,1,"Solitaire (1)","Game (1)"
"DCSARNB091\jcatalano",,,,1,"Solitaire (1)","Game (1)"
"DCSARNB092\lciabattari",,,,1,"Solitaire (1)","Game (1)"
"DCSARNB093\alampropulos",,,,1,"Solitaire (1)","Game (1)"
"DCSARNB095\mferreyra",,,,1,"Solitaire (1)","Game (1)"
"DCSARNB096\Juampi",,,,1,"Solitaire (1)","Game (1)"
"DCSARNB101\cmonticelli",,,,1,"Solitaire (1)","Game (1)"
"DCSCLNB003\polguin",,,,1,"Solitaire (1)","Game (1)"
"DCSCLNB005\gsalazar",,,,1,"Solitaire (1)","Game (1)"
"DCSCLNB006\cjalley",,,,1,"Solitaire (1)","Game (1)"
"DCSCLNB010\vulloa",,,,1,"Solitaire (1)","Game (1)"
"DCSCLNB020\vfriedmann",,,,1,"Solitaire (1)","Game (1)"
"DCSCLNB300\ysoto",,,,1,"Solitaire (1)","Game (1)"
"DCSCLNB301\caluna",,,,1,"Solitaire (1)","Game (1)"
"DCSCONB003\gtorres",,,,1,"Solitaire (1)","Game (1)"
"DCSCONB009\dcruz",,,,1,"Solitaire (1)","Game (1)"
"DCSCONB118\Flopez",,,,1,"Solitaire (1)","Game (1)"
"DCSCONB201\jcalarco",,,,1,"Microsoft Xbox App (1)","Game (1)"
"DCSCONB300\avillamil",,,,1,"Solitaire (1)","Game (1)"
"DCSECNB004\ajimenez",,,,1,"Solitaire (1)","Game (1)"
"DCSECNB005\mjacome",,,,1,"Solitaire (1)","Game (1)"
"DCSPENB001\jperez",,,,1,"Solitaire (1)","Game (1)"
"DCSPENB010\jhuapaya",,,,1,"Solitaire (1)","Game (1)"
"DCSPENB011\mlopez",,,,1,"Solitaire (1)","Game (1)"
"DCSPENB013\rdavila",,,,1,"Solitaire (1)","Game (1)"
"DCSPENB107\tmarcos",,,,1,"Solitaire (1)","Game (1)"
"DCSPYNB001\mcaceres",,,,1,"Solitaire (1)","Game (1)"
"DCSPYNB010\flavio",,,,1,"Solitaire (1)","Game (1)"
"DCSPYNB012\rdescalzo",,,,1,"Solitaire (1)","Game (1)"
"DCSUSNB005\Avelino Cruz",,,,1,"Solitaire (1)","Game (1)"
"DCSUYNB002\gmiranda",,,,1,"Solitaire (1)","Game (1)"
"Jose’s MacBook Pro\pepi",,,,1,"Apple Game Center (1)","Game (1)"
"MacBook Air de Diógenes\diogenes",,,,1,"Apple Game Center (1)","Game (1)"
"MacBook Pro de Sol\solcedermaz",,,,1,"Apple Game Center (1)","Game (1)"
"MacBook Pro de juanjo (7)\juanjopascuzzi",,,,1,"Apple Game Center (1)","Game (1)"
"MacBook de Marcelo\marcelo",,,,1,"Apple Game Center (1)","Game (1)"
"Nahuel’s MacBook Pro\ndemajo",,,,1,"Apple Game Center (1)","Game (1)"
"VALE\valen",,,,1,"Solitaire (1)","Game (1)"
"dg’s MacBook Pro\dg",,,,1,"Apple Game Center (1)","Game (1)"
